0.142493433101667,0,0.644912586079167,0.124956108707269,0,0.230131305213564,0.218058850877338
0,0,0.652399254514043,0.122316475995582,0,0.225284269490375,0.201377594809796
0,0,0.659493147279062,0.119820221383428,0,0.22068663133751,0.211584126394565
0,0,0.666303284333481,0.117423816955759,0,0.21627289871076,0.209679202747986
0,0,0.672846357189688,0.115121389172313,0,0.212032253638,0.215949353863653
0,0,0.679137773397578,0.112907516303615,0,0.207954710298807,0.258180111259675
0,0,0.685191777673096,0.11077718580732,0,0.204031036519585,0.26089181245168
0,0,0.691021559568038,0.108725756440518,0,0.200252683991444,0.288002492295361
0,0,0.696639349394074,0.106748924505236,0,0.196611726100691,0.288341720349139
0.0860151545234846,0,0.685031303264099,0.12186789431558,0,0.193100802420321,0.293737529332445
0,0,0.691653387776662,0.119198305332088,0,0.189148306891249,0.251441903180989
0,0,0.696969708677065,0.117143162136708,0,0.185887129186228,0.243014728949645
0,0,0.702105815309657,0.115157684812357,0,0.182736499877987,0.227775240315749
0,0,0.707070718387829,0.113238390065484,0,0.179690891546687,0.210360500754278
0,0,0.71187283775852,0.11138202301523,0,0.17674513922625,0.206070659103301
0,0,0.716520050052738,0.109585538773049,0,0.173894411174213,0.215922185698818
0,0,0.721019731797933,0.107846085776651,0,0.171134182425416,0.206984568819724
0,0,0.72537879848859,0.106160990686391,0,0.168460210825019,0.209524323726873
0,0,0.729603740050304,0.104527744675831,0,0.165868515273865,0.210308762223286
0,0,0.733700653079845,0.102943990968622,0,0.163355355951534,0.207449442594653
0,0,0.737675270198056,0.101407513491478,0,0.160917216310466,0.233456221736723
0.0926515781770355,0.945363373200305,0.727630584265727,0.0999162265283682,0,0.172453189205905,0.318805605853622
0.200814730750236,0,0.714831519424639,0.113928964038116,0,0.171239516537245,0.412342335145897
0,0,0.718938230042739,0.112287286299949,0,0.168774483657312,0.398006768189117
0,0,0.72289684652101,0.110705775225302,0,0.166397378253688,0.393179591340844
0,0,0.72674550143044,0.109168195013839,0,0.16408630355572,0.393916127412213
0,0,0.730488713739613,0.107672740287622,0,0.161838545972765,0.389389309808281
0,0,0.734130758148536,0.106217703256708,0,0.159651538594755,0.388553994431182
0,0,0.737675681373223,0.104801467213286,0,0.157522851413491,0.411290328608541
0,0,0.741127317144628,0.103422500539427,0,0.155450182315945,0.408331432574946
0,0,0.744489300038854,0.102079351181772,0,0.153431348779375,0.399375402469104
0,0,0.747765078243483,0.100770641551236,0,0.15146428020528,0.403855753958551
0,0,0.750957925354326,0.0994950638100813,0,0.149547010835593,0.365043011417218
0,0,0.754070951287397,0.0982513755124553,0,0.147677673200148,0.380088960878876
0,0,0.757107112382614,0.0970383955678571,0,0.145854492049529,0.0531585643715334
0,0,0.760069220768192,0.0958550004999564,0,0.144075778731852,0.0616360920045167
0,0,0.762959953048093,0.0947001209758605,0,0.142339925976046,0.0707494602114922
0,0,0.765781858368949,0.0935727385832908,0,0.14064540304776,0.0765895068612233
0,0,0.76853736591755,0.0924718828352521,0,0.138990751247198,0.0974401584109298
0,0,0.771228791895252,0.0913966283836793,0,0.137374579721068,0.0889379057010875
0,0,0.773858346011399,0.0903460924252463,0,0.135795561563354,0.0806078261978317
0,0,0.776428137533997,0.0893194322840503,0,0.134252430181953,0.0979944982109218
0,0,0.778940180932491,0.0883158431572632,0,0.132743975910245,0.120059705792697
0,0,0.781396401144353,0.0873345560110714,0,0.131269042844576,0.151234651549984
0,0,0.783798638494414,0.0863748356153453,0,0.12982652589024,0.154567410946113
0.0848139737399643,0.0371572287976324,0.775279088075997,0.0959016610021608,0,0.128819250921842,0.408018872842914
0,0,0.777802768901275,0.0948121142422308,0,0.127385116856494,0.54648057439413
0,0,0.780166569232113,0.0938034747290156,0,0.126029956038872,0.540254936073986
0.0950040566360461,0.961703966913486,0.771954289555985,0.0932191858696209,0,0.134826524574394,0.460230961495622
0.298512933573379,0,0.760772834583778,0.104013679343171,0,0.135213486073051,0.544715416032055
0.0692799851185455,0.732770167522065,0.752925445047158,0.105698197441901,0,0.141376357510942,0.506597627760053
0,0,0.755452015037549,0.104710200818525,0,0.139837784143926,0.437246877468263
0.06804150700796,0,0.74786071273885,0.113714005987365,0,0.138425281273785,0.385971198658332
0.228805347017577,0.897994990871814,0.740185588655546,0.11196854669742,0,0.147845864647034,0.33992349904091
0.358363266210099,0.99808988587352,0.732857939645742,0.110798232761269,0,0.15634382759299,0.301178888061077
0,0,0.735473022809549,0.109690202544739,0,0.154836774645712,0.279725272121545
0,0,0.738041245889068,0.108625249121975,0,0.153333504988957,0.259064592043373
0.317837887358907,0,0.730944695447827,0.11719616018811,0,0.151859144364063,0.256910297806927
0,0,0.733496822862098,0.116061299279977,0,0.150441877857925,0.239036398020444
0.32460164064243,0.0956465381093216,0.726591655270439,0.123483404039075,0,0.149924940690486,0.22355429621998
0,0,0.729149646853715,0.122341563470839,0,0.148508789675446,0.242652582271261
0,0,0.731657520493959,0.12120877121648,0,0.147133708289562,0.160619263975557
0,0,0.734119378104106,0.120096764141099,0,0.145783857754795,0.175867913174418
0,0,0.736536474666795,0.11900497537618,0,0.144458549957024,0.183868832798788
0,0,0.738910019940068,0.117932858480899,0,0.143157121579033,0.184514335079421
0,0,0.741241180476317,0.116879886530177,0,0.141878932993506,0.207188786257007
0,0,0.743531081534049,0.115845551251149,0,0.140623367214802,0.184927539473247
0,0,0.745780808889014,0.114829362205086,0,0.139389828905901,0.189176270781102
0,0,0.747991410550848,0.113830846011998,0,0.138177743437154,0.177063668083612
0,0,0.750163898390927,0.112849545615343,0,0.13698655599373,0.164962570549386
0,0,0.752299249686731,0.111885019584443,0,0.135815730728826,0.195810075548137
0,0,0.754398408587691,0.110936841452371,0,0.134664749959938,0.0456970135226051
0,0,0.756462287507122,0.110004599087225,0,0.133533113405653,0.0528349900904517
0,0,0.758491768444563,0.109087894094832,0,0.132420337460606,0.0596091661918303
0.117679702990397,0,0.752238033326316,0.116436012167298,0,0.131325954506386,0.0460370134414724
0,0,0.754266016267535,0.115467825207649,0,0.130266158524816,0.0630124458143202
0.13232143233822,0.998240127105009,0.748148080142555,0.114529062401083,0,0.137322857456362,0.246445961459165
0.203011385630647,0,0.742076060239339,0.121721371706434,0,0.136202568054227,0.257204982057535
0,0,0.744141213284265,0.120755325608174,0,0.135103461107562,0.255230500730275
0,0,0.74617183857566,0.119796950008109,0,0.134031211416232,0.231604443065642
0,0,0.748170485516009,0.118853666937179,0,0.132975847546812,0.252683482169904
0,0,0.750137903597915,0.117925122664232,0,0.131936973737853,0.248510052826148
0,0,0.7520748190739,0.117010974426525,0,0.130914206499575,0.23968550799195
0,0,0.753981935850255,0.116110890007859,0,0.129907174141886,0.256560510775047
0,0,0.755859936339948,0.115224547336044,0,0.128915516324009,0.268299824737748
0,0,0.757709482276766,0.114351634098649,0,0.127938883624585,0.256664282203063
0,0,0.759531215492731,0.113491847376103,0,0.126976937131167,0.308955850662545
0,0,0.761325758660695,0.112644893291207,0,0.126029348048098,0.28591263404249
0,0,0.763093716003949,0.111810486674235,0,0.125095797321816,0.218497754512722
0,0,0.764835673974508,0.110988350742807,0,0.124175975282685,0.0510396427148129
0,0,0.766552201901702,0.110178216795779,0,0.12326958130252,0.0427335597402632
0,0,0.768243852612559,0.109379823920447,0,0.122376323466994,0.0375681183446071
0,0,0.769911163025418,0.108592918712386,0,0.121495918262196,0.043270376013165
0,0,0.771554654718094,0.107817255007298,0,0.120628090274608,0.0233489398352099
0,0,0.773174834471866,0.107052593624267,0,0.119772571903867,0.0304798828025677
0,0,0.774772194792487,0.106298702119871,0,0.118929103087642,0.0326564843687404
0.234660396058539,0.100879866046338,0.769362755880529,0.111834359472677,0,0.118802884646794,0.220184146082373
0,0,0.770964843819156,0.111057550356543,0,0.117977605824302,0.211770029475321
0,0,0.772544396620403,0.110291636216153,0,0.117163967163444,0.183877768095272
0,0,0.774102311712044,0.109536214050289,0,0.116361474237667,0.191609482341812
0,0,0.775639030679989,0.108791069737022,0,0.115569899582989,0.178832751132969
0,0,0.777154983175394,0.108055994941501,0,0.114789021883104,0.162959099422165
0,0,0.778650587315157,0.10733078692176,0,0.114018625763083,0.179003718209045
0,0,0.780126250066389,0.106615248342281,0,0.113258501591329,0.199523318032144
0,0,0.781582367615618,0.105909187094981,0,0.1125084452894,0.203256108250057
0.27896257569517,0.102551229250181,0.776448448352247,0.111108614358611,0,0.112442937289142,0.217192328065578
0.27971382905888,1,0.771348559384138,0.110372778570681,0,0.118278662045181,0.237007518556363
0,0,0.772835797624885,0.10964353681239,0,0.117520665562725,0.240560560385149
0.284107368814332,0.10753135103523,0.767857299619544,0.114686482008231,0,0.117456218372225,0.231980753506841
0.381679031439106,1,0.762910515769468,0.113887676401683,0,0.123201807828848,0.234404517005062
0,0,0.764420481635367,0.113164482082045,0,0.122415036282589,0.237393958270077
0,0,0.765911491245269,0.112448251182791,0,0.121640257571939,0.216409309407404
0,0,0.767383746017312,0.111741029477239,0,0.120875224505449,0.245709542998095
0,0,0.768837597604704,0.111042648043006,0,0.12011975435229,0.261941077970194
0,0,0.770273388923929,0.110352942154541,0,0.11937366892153,0.261768793655517
0,0,0.771691454424398,0.109671751153587,0,0.118636794422015,0.219609619234656
0,0,0.773092120348175,0.108998918324424,0,0.117908961327401,0.23544407140588
0,0,0.774475704980199,0.108334290773665,0,0.117190004246137,0.25816640602758
0,0,0.775842518889409,0.10767771931443,0,0.11647976179616,0.204971406098798
0,0,0.77719286516116,0.107029058354705,0,0.115778076484135,0.226636162120935
0,0,0.778527039621273,0.106388165789707,0,0.11508479458902,0.263528124468301
0.145358166477752,0.885839674474551,0.773898402453697,0.106428976291298,0,0.119672621255006,0.153439484109534
0.25768063063293,0.998889775571293,0.769337856403313,0.105918000536092,0,0.124744143060595,0.2535523219158
0.261073626809413,1,0.764806772584005,0.105315530344559,0,0.129877697071436,0.276578409389122
0.264813442032093,1,0.760362451935883,0.104606145923534,0,0.135031402140583,0.381509403097717
0.295029282064765,1,0.755961682268829,0.103919201043339,0,0.140119116687832,0.366769580873717
0.311733129635813,0,0.751596042151091,0.109087500559702,0,0.139316457289207,0.33957022088403
0.276739484967804,0,0.747347207920267,0.113940306787695,0,0.138712485292038,0.332504607074341
0.230968653836706,1,0.743078143856174,0.113275297163396,0,0.14364655898043,0.279320867502474
0,0,0.744532039361467,0.112654651495938,0,0.142813309142595,0.250135550594524
0.202363788068334,0.839521298791348,0.740336942343858,0.112913545182198,0,0.146749512473944,0.232965349811462
0,0,0.741775983170646,0.112286945224235,0,0.14593707160512,0.222644638315147
0,0,0.743218575443436,0.111659643854267,0,0.145121780702298,0.159480654503061
0,0,0.744645138913194,0.111039312499521,0,0.144315548587285,0.188140041796249
0,0,0.74605593925069,0.110425835634883,0,0.143518225114427,0.212773494683029
0,0,0.747451236287774,0.109819100274252,0,0.142729663437974,0.228345503699692
0,0,0.748831284176912,0.109218995901168,0,0.14194971992192,0.160836413971891
0,0,0.750196331545516,0.108625414401706,0,0.141178254052779,0.119606075260707
0,0,0.75154662164527,0.108038249999534,0,0.140415128355196,0.0687321655480837
0,0,0.752882392496639,0.107457399193085,0,0.139660208310276,0.059885601782977
0,0,0.754203877028743,0.106882760694726,0,0.138913362276531,0.0566368402458618
0,0,0.75551130321476,0.106314235371882,0,0.138174461413358,0.0584352521105042
0,0,0.756804894203042,0.10575172619002,0,0.137443379606938,0.0412531794574092
0,0,0.758084868444078,0.105195138157441,0,0.136719993398481,0.0424246722628632
0,0,0.759351439813481,0.1046443782718,0,0.136004181914719,0.0101624091941959
0,0,0.760604817731119,0.104099355468301,0,0.13529582680058,0.0103763031602922
0,0,0.761845207276554,0.103559980569502,0,0.134594812153945,0.0132685230896612
0,0,0.763072809300901,0.103026166236669,0,0.133901024462429,0.0499431132717319
0,0,0.764287820535256,0.102497826922635,0,0.133214352542109,0.0488218424817571
0,0,0.76549043369579,0.101974878826091,0,0.132534687478119,0.0548773251427883
0,0,0.766680837585659,0.101457239847278,0,0.131861922567062,0.0548079953666055
0,0,0.767859217193813,0.100944829545019,0,0.131195953261168,0.0577910207884519
0,0,0.769025753790829,0.100437569095044,0,0.130536677114127,0.0766760616228244
0,0,0.770180625021874,0.0999353812495691,0,0.129883993728557,0.0779859724480062
0,0,0.77132400499689,0.0994381902980787,0,0.129237804705031,0.0737078131710534
0,0,0.772456064378093,0.0989459220292763,0,0.12859801359263,0.0750330134220112
0,0,0.773576970464901,0.0984585036941568,0,0.127964525840942,0.0795089970569468
0,0,0.774686887276348,0.0979758639701657,0,0.127337248753487,0.0776341091547291
0,0,0.775785975631097,0.0974979329264088,0,0.126716091442494,0.0737859253259613
0.181949499474654,0.997890795064665,0.772030263151991,0.0970246419898729,0,0.130945094858136,0.0999425459704964
0.238596209241991,1,0.768270145010851,0.0965662345112449,0,0.135163620477904,0.15752389419623
0.274514891686219,1,0.764579024023158,0.0961011441571058,0,0.139319831819736,0.239982167283179
0.306599200917933,0.156933677401252,0.760922264403999,0.0996746180405454,0,0.139403117555455,0.280356401448822
0,0,0.762061446883071,0.0991959035187125,0,0.138742649598216,0.285828855763038
0,0,0.763189117750924,0.098725780753221,0,0.138085101495855,0.252016135786168
0,0,0.764306150214363,0.0982600931081586,0,0.137433756677478,0.267314833146216
0,0,0.76541269411007,0.0977987781170405,0,0.136788527772889,0.269709821710207
0,0,0.766508896474042,0.0973417744809796,0,0.136149329044979,0.282575937796944
0,0,0.767594901606721,0.0968890220415331,0,0.135516076351746,0.277551378802435
0,0,0.768670851136319,0.0964404617543038,0,0.134888687109377,0.267571322354649
0,0,0.769736884080391,0.0959960356632702,0,0.134267080256338,0.24653987224001
0,0,0.770793136905711,0.095555686875824,0,0.133651176218465,0.285726279212524
0,0,0.771839743586507,0.0951193595384915,0,0.133040896875002,0.297652338503112
0,0,0.772876835661113,0.0946869988133165,0,0.13243616552557,0.22320678529361
0,0,0.773904542287081,0.0942585508548852,0,0.131836906858034,0.130596564664966
0,0,0.774922990294797,0.0938339627879713,0,0.131243046917232,0.125829999740819
0,0,0.775932304239663,0.0934131826857831,0,0.130654513074553,0.150259763916551
0,0,0.776932606452879,0.092996159548793,0,0.130071233998328,0.171366062595778
0,0,0.777924017090866,0.0925828432841317,0,0.129493139625002,0.177525245849632
0,0,0.778906654183385,0.0921731846855293,0,0.128920161131086,0.168264798647942
0,0,0.779880633680374,0.0917671354137869,0,0.128352230905839,0.188832523364306
0,0,0.780846069497566,0.0913646479777615,0,0.127789282524673,0.249245449071257
0,0,0.781803073560895,0.0909656757158499,0,0.127231250723255,0.0189975369406916
0,0,0.782751755849761,0.0905701727779549,0,0.126678071372284,0.0868674994721342
0,0,0.783692224439156,0.0901780941079205,0,0.126129681452924,0.108732848378938
0,0,0.784624585540711,0.0897893954264209,0,0.125586019032868,0.113576022617492
0,0,0.785548943542682,0.0894040332142903,0,0.125047023243028,0.115505508683196
0,0,0.78646540104891,0.0890219646962805,0,0.124512634254809,0.108569084409524
0,0,0.787374058916787,0.0886431478252325,0,0.12398279325798,0.0982348703533418
0,0,0.788275016294258,0.088267541266651,0,0.123457442439091,0.0854177155340465
0,0,0.789168370655886,0.0878951043836693,0,0.122936524960445,0.109338048159616
0,0,0.790054217838004,0.0875257972223934,0,0.122419984939603,0.105943915693264
0,0,0.790932652072991,0.0871595804976135,0,0.121907767429395,0.0878571563587514
0,0,0.791803766022687,0.0867964155788735,0,0.121399818398439,0.0733850141795851
0,0,0.792667650810975,0.0864362644768864,0,0.120896084712139,0.0681572426813636
0,0,0.793524396055557,0.0860790898302878,0,0.120396514114155,0.0472424368150023
0.174689280633789,0.998184850578498,0.790266333312207,0.0857248548927146,0,0.124008811795078,0.0620007786115197
0,0,0.791122731583673,0.0853564359840104,0,0.123520832432317,0.0651072822341426
0.139187363719117,0.998225237172897,0.787900903139769,0.0850080423677491,0,0.127091054492482,0.0643288145745173
0.246128975490776,1,0.784700790914011,0.0846307399575886,0,0.130668469128401,0.117999413817243
0.230648301255708,0,0.78152173623852,0.0883508209604602,0,0.130127442801019,0.186032453718929
0,0,0.782400138646672,0.0880045020294787,0,0.12959535932385,0.185366554847773
0,0,0.783274033672187,0.0876510702944206,0,0.129074896033392,0.165803695059852
0,0,0.784140937537498,0.0873004660132428,0,0.128558596449259,0.140245160684907
0,0,0.785000933802289,0.0869526553916762,0,0.128046410806035,0.154834487838046
0,0,0.785854104699899,0.0866076051718679,0,0.127538290128233,0.146422591963374
0,0,0.786700531163536,0.0862652826217815,0,0.127034186214683,0.134461377021037
0,0,0.787540292851869,0.0859256555248454,0,0.126534051623286,0.135026775001845
0,0,0.788373468174018,0.085588692169846,0,0.126037839656136,0.159736599658481
0,0,0.789200134313963,0.0852543613410575,0,0.125545504344979,0.153748960373112
0,0,0.790020367254376,0.084922632308602,0,0.125057000437022,0.167144823848225
0,0,0.790834241799902,0.0845934748190338,0,0.124572283381065,0.18238951098522
0,0,0.791641831599902,0.0842668590861417,0,0.124091309313956,0.119088499444426
0,0,0.792443209170672,0.0839427557819643,0,0.123614035047364,0.145508306593497
0,0,0.793238445917144,0.0836211360280104,0,0.123140418054846,0.134064299101059
0,0,0.794027612154102,0.0833019713866821,0,0.122670416459216,0.133942054440299
0,0,0.7948107771269,0.0829852338528924,0,0.122203989020208,0.117886986398063
0,0,0.795588009031722,0.0826708958458739,0,0.121741095122404,0.119100361335001
0,0,0.796359375035376,0.0823589302011725,0,0.121281694763452,0.105298346843934
0.236445159176831,0.16266605988501,0.793371163940942,0.0851915609756002,0,0.121437275083458,0.26030318875869
0.202538027803211,1,0.790417064422977,0.0848433925033147,0,0.124739543073708,0.315949427536034
0.221418056026479,1,0.787453331490371,0.0845443114140746,0,0.128002357095554,0.26711480228111
0.242424371153775,0,0.784577020981204,0.0876401098569837,0,0.127782869161812,0.264886230116682
0,0,0.785377321564815,0.0873079575096972,0,0.127314720925488,0.263462476694381
0,0,0.786169287167897,0.0869857879247905,0,0.126844924907313,0.269070893057985
0,0,0.786955429494486,0.0866659872338906,0,0.126378583271624,0.251668698267233
0,0,0.78773581253663,0.086348529405195,0,0.125915658058175,0.273261352718878
0,0,0.78851049935219,0.0860333887869279,0,0.125456111860882,0.266790491242208
0,0,0.789279552081819,0.08572054010043,0,0.124999907817752,0.272103620540543
0,0,0.79004303196558,0.0854099584333994,0,0.124547009601021,0.272234836519594
0,0,0.790800999359206,0.0851016192332788,0,0.124097381407515,0.297123161025194
0,0,0.79155351375,0.0847954983007851,0,0.123650987949215,0.302141226112092
0,0,0.792300633772402,0.084491571783578,0,0.12320779444402,0.215289098490359
0,0,0.793042417223214,0.0841898161700652,0,0.12276776660672,0.198079165434039
0,0,0.793778921076512,0.0838902082833389,0,0.122330870640148,0.0673514008886605
0,0,0.794510201498227,0.083592725275242,0,0.121897073226531,0.0760463721313302
0,0,0.795236313860424,0.0832973446205592,0,0.121466341519017,0.0893665659910987
0,0,0.795957312755282,0.0830040441113318,0,0.121038643133386,0.10152918124162
0,0,0.796673252008772,0.0827128018512921,0,0.120613946139936,0.110014631235333
0,0,0.797384184694056,0.0824235962504134,0,0.12019221905553,0.174327881011189
0,0,0.7980901631446,0.0821364060195758,0,0.119773430835825,0.172657959836774
0,0,0.798791238967014,0.0818512101653411,0,0.119357550867645,0.199207887104065
0,0,0.799487463053633,0.0815679879848382,0,0.118944548961528,0.204398033417098
0,0,0.800178885594828,0.0812867190607525,0,0.11853439534442,0.185972223716988
0,0,0.800865556091066,0.0810073832564201,0,0.118127060652514,0.18509699868376
0,0,0.801547523364726,0.0807299607110214,0,0.117722515924252,0.179859654331098
0,0,0.802224835571673,0.0804544318348746,0,0.117320732593453,0.183452807741371
0,0,0.802897540212585,0.080180777304824,0,0.116921682482591,0.206766747743529
0,0,0.803565684144068,0.0799089780597229,0,0.116525337796209,0.187567684641244
0,0,0.804229313589527,0.0796390152960076,0,0.116131671114465,0.171353586052708
0.232143284901558,0.203311379258362,0.801529749704311,0.0820450448103687,0,0.11642520548532,0.182731535912005
0.297464026509948,0.200465254800709,0.79880893515208,0.084514902500417,0,0.116676162347503,0.269537705649844
0,0,0.79948089933851,0.0842385455010413,0,0.116280555160448,0.264716064313321
0.222285778848693,0.998234322008439,0.796821848600687,0.0839577503493712,0,0.119220401049941,0.228501286453062
0.327376738430779,0,0.794122829119347,0.0864658314303765,0,0.119411339450277,0.226062420760507
0,0,0.794805116680229,0.0861618859482442,0,0.119032997371527,0.211860863240353
0,0,0.795482327516268,0.085877523288349,0,0.118640149195383,0.185308671681189
0,0,0.796155083017859,0.0855950314354268,0,0.118249885546714,0.166022614184951
0,0,0.796823427007964,0.0853143919880975,0,0.117862181003938,0.144244700744578
0,0,0.797487402736697,0.0850355867855221,0,0.117477010477781,0.112622452443205
0,0,0.798147052890649,0.0847585979034845,0,0.117094349205867,0.111891487799978
0,0,0.798802419602043,0.0844834076505511,0,0.116714172747406,0.114021945156793
0,0,0.7994535444577,0.0842099985643034,0,0.116336456977997,0.123596420634254
0,0,0.800100468507836,0.0839383534076443,0,0.11596117808452,0.087328312992742
0,0,0.800743232274692,0.0836684551651761,0,0.115588312560132,0.082587153708702
0,0,0.801381875760991,0.0834002870396466,0,0.115217837199362,0.0824657702187942
0.277843642612081,0.998956365654319,0.798824884574361,0.0831338324484656,0,0.118041282977174,0.100599868883379
0,0,0.799460647486863,0.0827169368549955,0,0.117822415658141,0.0970744307622644
0,0,0.800097280351985,0.0824543434046622,0,0.117448376243353,0.102200149550074
0,0,0.800729883895175,0.0821934119381917,0,0.117076704166634,0.0958842075090733
0,0,0.801358496248817,0.0819341267270302,0,0.116707377024152,0.0956943780833742
0.214830111802163,0,0.798842815216023,0.084816812090089,0,0.116340372693888,0.109025474245419
0.284211594046706,0.739655750488341,0.79635385447454,0.0852950816411252,0,0.118351063884335,0.128074945794413
0,0,0.796989409796552,0.0850509648134981,0,0.117959625389949,0.128724177695095
0.208201975422268,0.998431127283646,0.794511464198172,0.0847860085368205,0,0.120702527265008,0.111500899056282
0,0,0.795149059348903,0.0845118380609899,0,0.120339102590107,0.133565352867579
0,0,0.795783272787451,0.0842501915035255,0,0.119966535709023,0.1558137760999
0,0,0.796413571328231,0.0839901600482677,0,0.119596268623501,0.157110313463912
0,0,0.79703999110876,0.0837317287865808,0,0.11922828010466,0.138308534265969
0,0,0.79766256782315,0.0834748829927569,0,0.118862549184093,0.156061442153045
0,0,0.79828133672889,0.0832196081212194,0,0.118499055149891,0.170863028965778
0,0,0.798896332653497,0.0829658898037767,0,0.118137777542727,0.180497906561678
0.251495176765482,0.998438642801557,0.796472822089804,0.0827137138469263,0,0.12081346406327,0.206134684773194
0,0,0.797089132749311,0.0824562762397113,0,0.120454591010978,0.220799511761147
0,0,0.797702156517439,0.0822071636226729,0,0.120090679859888,0.197104708842403
0.265203418672642,0.2583598667742,0.795304124863815,0.0841887218217359,0,0.120507153314449,0.200105118404786
0.237530920206968,1,0.792960476232383,0.0832623088152424,0,0.123777214952374,0.224685217808114
0,0,0.793580273129233,0.083010130000544,0,0.123409596870223,0.211272383214666
0,0,0.7941964514184,0.0827623385677066,0,0.123041210013894,0.192309246849976
0,0,0.794808961979654,0.0825160220838741,0,0.122675015936472,0.185815191151095
0,0,0.795417837463394,0.0822711674189368,0,0.122310995117669,0.18854129338138
0,0,0.796023110133621,0.0820277615981707,0,0.121949128268208,0.175602733190765
0,0,0.79662481187364,0.081785791799946,0,0.121589396326414,0.159650993107728
0,0,0.797222974191658,0.0815452453534756,0,0.121231780454866,0.152998504128164
0,0,0.797817628226287,0.0813061097366032,0,0.12087626203711,0.131673982548721
0,0,0.798408804751941,0.0810683725736307,0,0.120522822674428,0.135919801275787
0,0,0.798996534184151,0.0808320216331828,0,0.120171444182666,0.124666290349605
0,0,0.799580846584778,0.0805970448261096,0,0.119822108589112,0.120330753037711
0,0,0.800161771667142,0.0803634302034252,0,0.119474798129433,0.042303362920516
0,0,0.800739338801052,0.0801311659542824,0,0.119129495244666,0.0282517823516616
0,0,0.801313577017763,0.0799002404039819,0,0.118786182578255,0.0278358520757272
0,0,0.801884515014838,0.0796706420120164,0,0.118444842973145,0.0354083220216736
0,0,0.802452181160928,0.0794423593701482,0,0.118105459468924,0.0354078960430934
0,0,0.803016603500468,0.0792153812005192,0,0.117768015299013,0.0349937174783495
0,0,0.803577809758301,0.078989696353794,0,0.117432493887904,0.0346401260462923
0,0,0.804135827344216,0.0787652938073344,0,0.11709887884845,0.0419949338246835
0.190304088242253,0.997880796946324,0.801863825575687,0.0785421626634042,0,0.119594011760909,0.05813360922145
0.247465485036111,1,0.799603243880311,0.077894612015785,0,0.122502144103903,0.0957907917134445
0,0,0.800168979274407,0.0776836198789107,0,0.122147400846682,0.102303342594731
0.193009925315249,0.997805588156065,0.797927477680501,0.0774654074635205,0,0.124607114855979,0.131788587552961
0.280209549685296,1,0.795668136312919,0.0772660355901261,0,0.127065828096955,0.235086097521649
0.253363819149148,1,0.793472935417072,0.0764222052730114,0,0.130104859309917,0.231952139429434
0.283327488764478,0,0.791273734159282,0.078835593186238,0,0.12989067265448,0.236608381857084
0,0,0.791840557934203,0.0788020349889539,0,0.129357407076843,0.219779074331722
0,0,0.792417176887294,0.0785837468033889,0,0.128999076309318,0.201956273671755
0,0,0.792990610100312,0.0783666646298989,0,0.128642725269789,0.176397091421825
0,0,0.793560883901689,0.0781507785014419,0,0.128288337596869,0.156574889463878
0,0,0.79412802433053,0.0779360785605038,0,0.127935897108966,0.140450367401283
0,0,0.794692057140583,0.0777225550575984,0,0.127585387801818,0.170924433275834
0,0,0.795253007804134,0.0775101983497907,0,0.127236793846075,0.190103243195613
0,0,0.795810901515839,0.0772989988992463,0,0.126890099584915,0.176309290755312
0,0,0.796365763196503,0.0770889472718027,0,0.126545289531695,0.201937329410178
0,0,0.796917617496783,0.0768800341355647,0,0.126202348367652,0.140757483898418
0,0,0.797466488800846,0.0766722502595227,0,0.125861260939631,0.139781107096482
0,0,0.798012401229954,0.0764655865121924,0,0.125522012257853,0.0431869582673229
0,0,0.798555378646003,0.076260033860278,0,0.125184587493719,0.0462814902656263
0,0,0.799095444654995,0.0760555833673549,0,0.12484897197765,0.0464318571734084
0,0,0.799632622610463,0.0758522261925759,0,0.124515151196962,0.0483796794646354
0,0,0.800166935616835,0.0756499535893957,0,0.12418311079377,0.0431694291666738
0,0,0.800698406532747,0.0754487569043175,0,0.123852836562935,0.0428600855794058
0,0,0.801227057974305,0.0752486275756589,0,0.123524314450036,0.0493141758298582
0.203590728372005,0.997791369284015,0.799113252611187,0.075049557132337,0,0.125837190256475,0.156341471322417
0,0,0.799639433975597,0.0748375482900417,0,0.125523017734361,0.176574950286677
0,0,0.80016669862303,0.074640607373489,0,0.125192694003481,0.168183538880003
0,0,0.800691195477037,0.0744447002675218,0,0.124864104255441,0.174850066858143
0,0,0.801212946274218,0.0742498188532089,0,0.124537234872573,0.161100221557912
0,0,0.801731972524155,0.074055955096412,0,0.124212072379433,0.184349496225017
0.20799929835569,0,0.79964975056179,0.0764616459972648,0,0.123888603440945,0.179783515971514
0,0,0.800172400236506,0.0762847980770214,0,0.123542801686473,0.171370091644771
0,0,0.800690088318795,0.0760871690664592,0,0.123222742614746,0.168633357930917
0,0,0.801205101010477,0.0758905613944529,0,0.12290433759507,0.162250664652077
0.213317889740597,0.997812593651063,0.799145777055164,0.0756949671640548,0,0.125159255780781,0.13759312203004
0.338741403271396,1,0.797087688525004,0.0755110679299339,0,0.127401243545062,0.150207050898669
0,0,0.797608639375461,0.0752994625228222,0,0.127091898101717,0.13208895105451
0,0,0.798126264338695,0.0751068807772396,0,0.126766854884065,0.106692134821313
0,0,0.798641248358239,0.0749152815915834,0,0.126443470050178,0.108235263393612
0,0,0.799153611593969,0.0747246574653961,0,0.126121730940635,0.101497489108089
0,0,0.79966337400109,0.0745350009743671,0,0.125801625024542,0.119167721927215
0,0,0.800170555332733,0.0743463047693688,0,0.125483139897898,0.117636269891297
0,0,0.800675175142499,0.0741585615755068,0,0.125166263281994,0.139839885057482
0.235390094967143,0.402268493450001,0.798663775134407,0.0754719710793979,0,0.125864253786195,0.140944427371973
0.23603430976041,1,0.796690177872346,0.0750254938619135,0,0.128284328265741,0.13120303652354
0,0,0.797198674707695,0.0748425661830097,0,0.127958759109295,0.150241623559205
0.233134915821974,0.998207081522858,0.795210160317119,0.0746554597675521,0,0.130134379915329,0.165460023683449
0,0,0.795717180328946,0.0744446555763975,0,0.129838164094656,0.136762829262534
0,0,0.796225346547034,0.0742594698660084,0,0.129515183586958,0.130082123647698
0.0447204355211447,0.997498945316413,0.794255807361268,0.074075203191403,0,0.131668989447329,0.124558943143553
0.267892630697313,0,0.79226459360846,0.0764240058012027,0,0.131311400590337,0.158212459297813
0,0,0.792775377277661,0.0761801643667651,0,0.131044458355574,0.163121526846451
0,0,0.793285782752346,0.0759925284939405,0,0.130721688753713,0.151161662519922
0,0,0.793793680092021,0.0758058146647171,0,0.130400505243262,0.155318140239501
0,0,0.794299087738854,0.0756200160993624,0,0.130080896161783,0.153665542206534
0,0,0.794802023954652,0.0754351260844495,0,0.129762849960899,0.160168838045191
0.237077790102805,0,0.792868790794877,0.0776848540002263,0,0.129446355204897,0.217415344776907
0,0,0.793383850506787,0.077561371623306,0,0.129054777869907,0.199305366624629
0,0,0.793885346015265,0.0773731158669387,0,0.128741538117796,0.217917726252104
0,0,0.794384412974066,0.0771857717607234,0,0.12842981526521,0.200190207636373
0,0,0.794881068981375,0.0769993326984994,0,0.128119598320125,0.207591310145816
0,0,0.795375331465757,0.0768137921377801,0,0.127810876396462,0.230623529422627
0,0,0.795867217688195,0.0766291435989874,0,0.127503638712817,0.220853979754618
0,0,0.796356744744099,0.0764453806646972,0,0.127197874591204,0.228834790337549
0,0,0.796843929565285,0.0762624969788965,0,0.126893573455818,0.247428054190273
0,0,0.797328788921932,0.07608048624625,0,0.126590724831818,0.236612964629617
0,0,0.797811339424499,0.075899342231378,0,0.126289318344124,0.215596831249553
0,0,0.798291597525628,0.0757190587581443,0,0.125989343716228,0.201868427559749
0,0,0.798769579522013,0.0755396297089544,0,0.125690790769033,0.0657325918801781
0,0,0.79924530155624,0.0753610490240632,0,0.125393649419697,0.0688588810603624
0.0888297485990334,0.579331316039704,0.797365729185963,0.0761700136900475,0,0.12646425712399,0.0644769814358808
0,0,0.797840271224453,0.0759633706426058,0,0.126196358132941,0.0888545256935349
0.102329831777162,0.997719870905528,0.795972759153726,0.0757850528711442,0,0.128242187975131,0.071574189741533
0,0,0.796442740692665,0.0755890112322774,0,0.127968248075058,0.0733495359626089
0,0,0.796918341765812,0.0754124013929496,0,0.127669256841238,0.0631366777614375
0,0,0.79739172558454,0.0752366149095162,0,0.127371659505944,0.0597443486066667
0,0,0.797862907618064,0.0750616460376336,0,0.127075446344302,0.0597361112650268
0,0,0.798331903192036,0.0748874890862701,0,0.126780607721693,0.055360781792709
0,0,0.798798727490203,0.074714138417089,0,0.126487134092708,0.0515005154946552
0.102034265727849,0,0.796958983900503,0.0768460000993815,0,0.126195016000115,0.0534510602746975
0,0,0.797426657835323,0.0766463503624065,0,0.125926991802271,0.0575459574266603
0,0,0.79789234367938,0.0764701518558263,0,0.125637504464794,0.0727632681752703
0.114261823551335,0.998465533113913,0.796065834787652,0.0762947615992762,0,0.127639403613072,0.0707859438337128
0.19730666109605,1,0.794189289683208,0.0761090365738672,0,0.129701673742925,0.0971880554562272
0,0,0.794662765354083,0.0759005555177293,0,0.129436679128188,0.105504650074137
0,0,0.795130503929587,0.0757276613138164,0,0.129141834756597,0.0975878105200502
0,0,0.795596116420656,0.0755555529926487,0,0.128848330586696,0.0944596919528271
0,0,0.79605961729045,0.0753842252080849,0,0.128556157501465,0.0954722661044171
0,0,0.796521020871241,0.0752136726623652,0,0.128265306466394,0.0718590539548865
0,0,0.796980341365888,0.0750438901055653,0,0.127975768528547,0.0648325856101991
0,0,0.797437592849298,0.0748748723350572,0,0.127687534815644,0.0489024077534386
0,0,0.797892789269862,0.0747066141949784,0,0.12740059653516,0.0693102462512585
0,0,0.798345944450871,0.0745391105757072,0,0.127114944973422,0.0806027426611958
0,0,0.79879707209192,0.0743723564133454,0,0.126830571494734,0.0789346642513517
0,0,0.799246185770287,0.0742063466892085,0,0.126547467540505,0.0842579293762679
0,0,0.799693298942291,0.0740410764293216,0,0.126265624628388,0.0236789993290882
0,0,0.800138424944641,0.0738765407039232,0,0.125985034351436,0.0338396351678628
0,0,0.800581576995761,0.0737127346269743,0,0.125705688377264,0.0346834601709787
0,0,0.801022768197098,0.0735496533556757,0,0.125427578447226,0.0507819848383511
0.165455478963014,0,0.799258174157515,0.0755911294668861,0,0.125150696375599,0.0632240072904856
0,0,0.799712179762252,0.0752640545489238,0,0.125023765688824,0.062480491916582
0,0,0.800152372773763,0.0750986390444207,0,0.124748988181816,0.0648472586082318
0.191608716947161,0,0.79840160303059,0.077122981130098,0,0.124475415839312,0.0717039511995302
0.191031568154695,0,0.796705543485192,0.0794279033820227,0,0.123866553132786,0.092128619087758
0.183231104581299,1,0.794978901898456,0.0792645274922123,0,0.125756570609331,0.0933290580000011
0.237084513729081,0,0.793250208391495,0.0812094176381288,0,0.125540373970376,0.101393004287516
0,0,0.793696251655603,0.081056674553842,0,0.125247073790555,0.10172688126539
0,0,0.794143765209495,0.0808808466263934,0,0.124975388164111,0.128163394760504
0,0,0.794589341475276,0.0807057798588038,0,0.12470487866592,0.128122656429228
0,0,0.795032993005567,0.0805314693191519,0,0.124435537675281,0.152057375730155
0,0,0.795474732244779,0.0803579101180331,0,0.124167357637188,0.147753799084739
0,0,0.795914571530274,0.0801850974081018,0,0.123900331061624,0.150068155911448
0,0,0.796352523093514,0.0800130263836209,0,0.123634450522865,0.154122912971528
